Country Name,Country ISO-3 Code,"Physicians per 1,000 People",Air Pollution,Secondary School Enrollment,Disease Mortality,Traffic Deaths,Region,"Physicians per 1,000 People_Norm",Air Pollution_Norm,Secondary School Enrollment_Norm,Disease Mortality_Norm,Traffic Deaths_Norm
Aruba,ABW,1.12,29.93,77.82,30.8,18.95,Other,0.23667377398720682,0.7066650825709873,0.7816554359851151,0.6227544910179641,0.5693181818181818
Africa Eastern and Southern,AFE,0.16,25.11,46.3,67.04,31.23,Other,0.03198294243070362,0.7639301413805394,0.46464849642964895,0.1510023431398072,0.29022727272727267
Afghanistan,AFG,0.04,64.17,8.39,59.81,14.7,Other,0.006396588486140724,0.2998693121064513,0.08337523886151062,0.2451184587347045,0.665909090909091
Africa Western and Central,AFW,0.13,60.24,46.3,71.25,28.19,Other,0.0255863539445629,0.34656053225614825,0.46464849642964895,0.0961989065347566,0.35931818181818176
Angola,AGO,0.07,23.83,4.46,72.84,25.1,Other,0.01279317697228145,0.7791374599025782,0.0438499446847028,0.07550117156990366,0.42954545454545456
Albania,ALB,0.28,22.96,66.69,8.11,14.3,Other,0.057569296375266525,0.7894736842105263,0.6697173891179724,0.9181202811767769,0.675
Andorra,AND,2.27,16.83,46.3,30.8,7.6,Other,0.48187633262260127,0.8623024830699775,0.46464849642964895,0.6227544910179641,0.8272727272727273
Arab World,ARB,0.7,40.32,21.11,32.03,19.61,Other,0.14712153518123666,0.5832244267553761,0.21130443528110224,0.6067430356677949,0.5543181818181818
United Arab Emirates,ARE,0.91,44.3,26.75,10.32,16.0,Other,0.19189765458422173,0.5359391707259119,0.2680277582218646,0.8893517313199688,0.6363636363636364
Argentina,ARG,1.35,18.96,40.5,12.28,11.5,Other,0.2857142857142857,0.8369965545918974,0.40631600120687916,0.863837542306691,0.7386363636363636
Armenia,ARM,2.62,28.22,86.53,5.18,19.6,Other,0.5565031982942431,0.7269811096590235,0.8692547520868953,0.9562613902629524,0.5545454545454545
American Samoa,ASM,0.77,6.43,46.3,30.8,18.95,Other,0.162046908315565,0.9858619460615421,0.46464849642964895,0.6227544910179641,0.5693181818181818
Antigua and Barbuda,ATG,0.29,19.28,70.69,13.51,9.2,Other,0.059701492537313425,0.8331947249613877,0.7099466961681585,0.8478260869565217,0.7909090909090909
Australia,AUS,1.1,7.76,87.3,4.37,9.9,Other,0.232409381663113,0.9700605916597362,0.876998893694056,0.9668055193959906,0.775
Austria,AUT,1.2,23.36,68.61,2.67,12.5,Other,0.25373134328358204,0.7847213971723892,0.6890274565020618,0.9889351731319969,0.7159090909090908
Azerbaijan,AZE,3.36,19.37,88.53,18.76,8.2,Other,0.7142857142857142,0.8321254603778068,0.8893694056119883,0.7794845092423848,0.8136363636363637
Burundi,BDI,0.01,29.42,2.05,62.78,30.3,Other,0.0,0.7127242485446121,0.019611787186965702,0.20645665191356422,0.3113636363636364
Belgium,BEL,1.3,23.14,78.01,7.51,16.7,Other,0.27505330490405117,0.7873351550433647,0.783566328069999,0.9259307472012497,0.6204545454545455
Benin,BEN,0.04,56.75,17.44,63.58,28.4,Other,0.006396588486140724,0.3880242366638945,0.17439404606255657,0.19604269721426726,0.3545454545454546
Burkina Faso,BFA,0.01,57.1,2.47,73.13,27.6,Other,0.0,0.38386598550552453,0.023835864427235242,0.07172611299140852,0.3727272727272727
Bangladesh,BGD,0.12,53.18,16.52,50.25,10.8,Other,0.02345415778251599,0.43043839847926824,0.16514130544101374,0.36956521739130443,0.7545454545454545
Bulgaria,BGR,1.4,27.26,84.37,3.21,13.0,Other,0.29637526652452023,0.7383865985505524,0.8475309262797949,0.9819057537099714,0.7045454545454546
Bahrain,BHR,0.45,68.59,44.5,6.12,12.0,Other,0.09381663113006396,0.24735654033503618,0.44654530825706523,0.9440249934912783,0.7272727272727273
"Bahamas, The",BHS,0.5,19.1,90.35,29.16,25.6,Other,0.1044776119402985,0.8353332541285494,0.907673740319823,0.644103098151523,0.4181818181818181
Bosnia and Herzegovina,BIH,1.03,35.7,46.3,3.16,19.0,Other,0.21748400852878463,0.6381133420458596,0.46464849642964895,0.9825566258786774,0.5681818181818181
Belarus,BLR,2.91,32.87,94.91,2.36,17.8,Other,0.6183368869936035,0.6717357728406796,0.9535351503570351,0.9929705805779745,0.5954545454545455
Belize,BLZ,0.24,28.41,55.28,20.12,29.5,Other,0.049040511727078885,0.7247237733159082,0.5549632907573167,0.7617807862535798,0.3295454545454546
Bermuda,BMU,1.2,9.09,62.85,30.8,18.95,Other,0.25373134328358204,0.9542592372579304,0.6310972543497938,0.6227544910179641,0.5693181818181818
Bolivia,BOL,0.27,82.79,62.39,38.27,14.5,Other,0.05543710021321961,0.07865035048116897,0.6264708840390224,0.5255141890132777,0.6704545454545454
Brazil,BRA,0.37,15.36,73.18,18.01,19.7,Other,0.07675906183368869,0.8797671379351313,0.7349894398068993,0.7892475917729758,0.5522727272727272
Barbados,BRB,0.33,23.72,80.45,15.94,14.6,Other,0.06823027718550106,0.7804443388380659,0.8081062053706125,0.816193699557407,0.6681818181818182
Brunei Darussalam,BRN,0.3,8.37,49.52,9.53,15.9,Other,0.06183368869936033,0.9628133539265772,0.49703308860504875,0.8996355115855246,0.6386363636363637
Bhutan,BTN,0.12,31.94,17.79,40.67,11.7,Other,0.02345415778251599,0.6827848402043484,0.17791411042944782,0.49427232491538664,0.7340909090909091
Botswana,BWA,0.04,19.67,6.89,65.79,31.8,Other,0.006396588486140724,0.8285612450992039,0.06828924871769083,0.16727414735745905,0.2772727272727272
Central African Republic,CAF,0.02,32.83,3.99,67.16,32.3,Other,0.0021321961620469083,0.6722110015444933,0.03912300110630594,0.14944024993491278,0.265909090909091
Canada,CAN,1.1,10.55,91.26,4.55,9.8,Other,0.232409381663113,0.9369133895687299,0.9168259076737404,0.9644623795886488,0.7772727272727272
Central Europe and the Baltics,CEB,2.41,27.02,80.33,3.62,15.99,Other,0.511727078891258,0.7412379707734347,0.8068993261591069,0.9765686019265816,0.6365909090909091
Switzerland,CHE,1.4,19.48,79.04,5.38,8.5,Other,0.29637526652452023,0.8308185814423191,0.793925374635422,0.9536579015881281,0.8068181818181819
Channel Islands,CHI,1.02,29.93,46.3,30.8,18.95,Other,0.21535181236673773,0.7066650825709873,0.46464849642964895,0.6227544910179641,0.5693181818181818
Chile,CHL,0.56,27.02,86.66,10.85,17.9,Other,0.11727078891257996,0.7412379707734347,0.8705622045660263,0.8824524863316845,0.5931818181818183
China,CHN,1.07,49.3,46.3,9.45,21.4,Other,0.2260127931769723,0.47653558274919816,0.46464849642964895,0.9006769070554543,0.5136363636363637
Cote d'Ivoire,CIV,0.03,50.62,30.17,69.48,25.4,Other,0.004264392324093816,0.46085303552334567,0.3024238157497737,0.11923978130695123,0.42272727272727273
Cameroon,CMR,0.03,43.72,6.87,65.89,27.4,Other,0.004264392324093816,0.5428299869312108,0.06808810218243991,0.1659724030200469,0.3772727272727273
"Congo, Dem. Rep.",COD,0.02,24.58,16.49,70.07,38.1,Other,0.0021321961620469083,0.7702269217060711,0.16483958563813733,0.11155948971621987,0.13409090909090904
"Congo, Rep.",COG,0.06,24.22,17.23,61.39,26.3,Other,0.01066098081023454,0.7745039800403944,0.17228200744242178,0.22455089820359286,0.4022727272727272
Colombia,COL,0.35,26.47,63.65,14.16,20.0,Other,0.07249466950959486,0.7477723654508732,0.639143115759831,0.8393647487633429,0.5454545454545454
Comoros,COM,0.08,10.55,44.42,55.62,26.9,Other,0.014925373134328358,0.9369133895687299,0.4457407221160615,0.29966154647227294,0.38863636363636367
Cabo Verde,CPV,0.08,42.97,9.57,33.47,22.9,Other,0.014925373134328358,0.5517405251277178,0.0952428844413155,0.5879979172090601,0.4795454545454546
Costa Rica,CRI,0.39,20.72,22.11,8.94,17.8,Other,0.0810234541577825,0.8160864916240941,0.22136176204364877,0.9073158031762563,0.5954545454545455
Caribbean small states,CSS,0.65,24.25,48.13,18.63,19.35,Other,0.13646055437100213,0.7741475585125341,0.4830534044051091,0.7811767768810206,0.5602272727272727
Cuba,CUB,0.95,20.92,20.53,8.83,15.8,Other,0.20042643923240935,0.8137103481050255,0.20547118575882528,0.9087477219474095,0.6409090909090909
Cayman Islands,CYM,1.7,29.93,46.3,30.8,18.95,Other,0.3603411513859275,0.7066650825709873,0.46464849642964895,0.6227544910179641,0.5693181818181818
Cyprus,CYP,1.52,19.5,51.23,4.11,12.3,Other,0.3219616204690831,0.8305809670904123,0.5142311173690033,0.9701900546732621,0.7204545454545455
Czechia,CZE,1.8,25.72,88.48,3.06,14.9,Other,0.38166311300639655,0.7566829036473803,0.8888665392738611,0.9838583702160896,0.6613636363636364
Germany,DEU,2.76,22.53,89.58,4.01,9.6,Other,0.5863539445628997,0.7945823927765236,0.8999295987126622,0.9714917990106743,0.7818181818181819
Djibouti,DJI,0.16,37.2,9.09,60.28,27.5,Other,0.03198294243070362,0.6202922656528455,0.09041536759529317,0.23900026034886757,0.375
Dominica,DMA,0.13,20.48,82.08,30.8,15.3,Other,0.0255863539445629,0.8189378638469764,0.8244996479935633,0.6227544910179641,0.6522727272727273
Denmark,DNK,2.49,18.39,87.98,3.75,9.6,Other,0.5287846481876333,0.8437685636212428,0.8838378758925878,0.9748763342879458,0.7818181818181819
Dominican Republic,DOM,0.12,17.76,39.66,34.9,29.4,Other,0.02345415778251599,0.8512534157063086,0.39786784672634007,0.5693829731840667,0.3318181818181819
Algeria,DZA,0.17,22.36,9.77,19.39,22.5,Other,0.03411513859275053,0.796602114767732,0.09725434979382479,0.7712835199166884,0.48863636363636365
East Asia & Pacific (excluding high income),EAP,0.87,44.63,60.99,16.52,20.79,Other,0.1833688699360341,0.5320185339194488,0.6123906265714573,0.8086435824004166,0.5275000000000001
Early-demographic dividend,EAR,0.86,48.36,41.52,43.46,16.83,Other,0.1812366737739872,0.48770345728882025,0.41657447450467666,0.45795365790158815,0.6175
Europe & Central Asia (excluding high income),ECA,2.88,27.28,79.97,8.73,12.02,Other,0.6119402985074627,0.7381489841986456,0.8032786885245902,0.9100494662848216,0.7268181818181818
Ecuador,ECU,0.4,46.99,46.13,23.14,13.5,Other,0.08315565031982942,0.5039800403944399,0.46293875088001607,0.7224681072637335,0.6931818181818181
"Egypt, Arab Rep.",EGY,0.39,57.43,26.39,20.87,11.2,Other,0.0810234541577825,0.3799453486990615,0.26440712058734783,0.7520177037229888,0.7454545454545455
Eritrea,ERI,0.02,42.71,15.99,51.3,31.3,Other,0.0021321961620469083,0.5548295117025068,0.1598109222568641,0.3558969018484771,0.2886363636363636
Spain,ESP,2.05,16.43,46.04,4.92,15.4,Other,0.43496801705756927,0.8670547701081146,0.46203359147138684,0.9596459255402239,0.6499999999999999
Estonia,EST,2.94,14.17,83.76,3.03,17.7,Other,0.6247334754797441,0.8939051918735892,0.8413959569546415,0.9842488935173133,0.5977272727272727
Ethiopia,ETH,0.01,26.02,10.97,66.67,24.6,Other,0.0,0.7531186883687775,0.10932314190888062,0.15581879718823222,0.4409090909090909
Fragile and conflict affected situations,FCS,0.71,41.72,22.2,58.16,25.51,Other,0.14925373134328357,0.5665914221218962,0.22226692145227794,0.2665972403020048,0.42022727272727267
Finland,FIN,3.0,9.25,70.42,6.91,8.1,Other,0.6375266524520256,0.9523583224426755,0.707231217942271,0.9337412132257225,0.8159090909090909
Fiji,FJI,0.5,10.17,75.58,12.46,9.7,Other,0.1044776119402985,0.9414280622549602,0.7591270240370109,0.8614944024993492,0.7795454545454545
France,FRA,1.2,18.31,76.26,6.6,13.4,Other,0.25373134328358204,0.8447190210288702,0.7659660062355427,0.9377766206717001,0.6954545454545454
"Micronesia, Fed. Sts.",FSM,0.45,12.44,46.3,24.15,14.9,Other,0.09381663113006396,0.9144588333135322,0.46464849642964895,0.7093204894558709,0.6613636363636364
Gabon,GAB,0.12,27.25,46.3,51.11,21.2,Other,0.02345415778251599,0.7385054057265059,0.46464849642964895,0.3583702160895601,0.5181818181818182
United Kingdom,GBR,0.8,18.66,70.2,11.66,6.9,Other,0.16844349680170576,0.8405607698705002,0.7050186060545107,0.8719083571986462,0.8431818181818181
Georgia,GEO,3.2,16.81,73.63,4.57,11.8,Other,0.6801705756929638,0.8625400974218843,0.7395152368500452,0.9642020307211664,0.7318181818181818
Ghana,GHA,0.05,60.85,31.74,64.1,25.8,Other,0.008528784648187633,0.3393132945229892,0.3182138187669717,0.18927362665972414,0.4136363636363636
Gibraltar,GIB,0.82,29.93,89.36,30.8,18.95,Other,0.17270788912579954,0.7066650825709873,0.897716986824902,0.6227544910179641,0.5693181818181818
Guinea,GIN,0.04,48.86,7.97,71.42,31.1,Other,0.006396588486140724,0.48176309849114896,0.07915116162124107,0.09398594116115588,0.2931818181818181
"Gambia, The",GMB,0.04,61.22,7.61,64.2,25.7,Other,0.006396588486140724,0.3349174290127124,0.07553052398672433,0.187971882322312,0.4159090909090909
Guinea-Bissau,GNB,0.04,57.08,2.7,68.43,30.7,Other,0.006396588486140724,0.3841035998574315,0.026149049582620938,0.13290809684977856,0.30227272727272725
Equatorial Guinea,GNQ,0.17,36.07,17.65,63.91,22.1,Other,0.03411513859275053,0.6337174765355829,0.1765060846826913,0.19174694090080724,0.4977272727272727
Greece,GRC,1.3,24.24,50.39,3.92,19.9,Other,0.27505330490405117,0.7742663656884876,0.5057829628884642,0.9726633689143452,0.5477272727272728
Grenada,GRD,0.22,24.23,22.74,14.42,4.9,Other,0.04477611940298507,0.774385172864441,0.22769787790405305,0.8359802134860713,0.8886363636363637
Greenland,GRL,1.17,7.55,46.3,30.8,18.95,Other,0.24733475479744133,0.9725555423547583,0.46464849642964895,0.6227544910179641,0.5693181818181818
Guatemala,GTM,0.18,40.93,7.4,44.6,6.8,Other,0.03624733475479743,0.575977189022217,0.07341848536658956,0.44311377245508987,0.8454545454545455
Guam,GUM,1.19,8.95,46.3,30.8,18.95,Other,0.25159914712153514,0.9559225377212783,0.46464849642964895,0.6227544910179641,0.5693181818181818
Guyana,GUY,0.26,24.34,53.51,27.06,26.2,Other,0.053304904051172705,0.7730782939289533,0.5371618223876093,0.6714397292371779,0.40454545454545454
"Hong Kong SAR, China",HKG,0.33,29.93,33.88,30.8,18.95,Other,0.06823027718550106,0.7066650825709873,0.3397364980388213,0.6227544910179641,0.5693181818181818
Honduras,HND,0.08,32.01,24.38,29.73,15.4,Other,0.014925373134328358,0.6819531899726744,0.24419189379462936,0.6366831554282739,0.6499999999999999
Heavily indebted poor countries (HIPC),HPC,0.09,37.88,14.8,67.2,28.03,Other,0.017057569296375266,0.6122133776880123,0.14784270340943378,0.1489195521999479,0.3629545454545454
Croatia,HRV,1.67,24.89,82.03,3.32,15.2,Other,0.3539445628997867,0.7665438992515148,0.823996781655436,0.980473834938818,0.6545454545454545
Haiti,HTI,0.1,18.96,46.3,44.07,17.5,Other,0.019189765458422176,0.8369965545918974,0.46464849642964895,0.4500130174433742,0.6022727272727273
Hungary,HUN,1.5,25.26,81.56,1.82,12.7,Other,0.3176972281449893,0.762148033741238,0.8192698380770391,1.0,0.7113636363636364
IBRD only,IBD,1.26,44.22,57.1,24.65,19.43,Other,0.26652452025586354,0.5368896281335394,0.5732676254651513,0.7028117677688103,0.5584090909090909
IDA & IBRD total,IBT,1.09,44.27,49.74,35.28,20.1,Other,0.2302771855010661,0.5362955922537721,0.499245700492809,0.5644363447019005,0.5431818181818182
IDA total,IDA,0.3,44.44,26.04,61.83,22.43,Other,0.06183368869936033,0.5342758702625638,0.26088705622045655,0.2188232231189795,0.49022727272727273
IDA blend,IDB,0.53,52.87,29.58,62.0,21.26,Other,0.11087420042643922,0.43412142093382444,0.2964899929598712,0.2166102577453789,0.5168181818181818
Indonesia,IDN,0.02,29.84,16.29,32.87,14.5,Other,0.0021321961620469083,0.7077343471545681,0.16282812028562804,0.595808383233533,0.6704545454545454
IDA only,IDX,0.17,40.03,14.98,61.74,23.06,Other,0.03411513859275053,0.5866698348580255,0.14965302222669213,0.21999479302265046,0.47590909090909095
Isle of Man,IMN,0.25,29.93,46.3,30.8,18.95,Other,0.05117270788912579,0.7066650825709873,0.46464849642964895,0.6227544910179641,0.5693181818181818
India,IND,0.21,62.0,61.63,46.71,16.9,Other,0.04264392324093816,0.32565046928834507,0.618827315699487,0.4156469669356939,0.615909090909091
Ireland,IRL,1.56,14.27,63.39,9.61,11.4,Other,0.3304904051172708,0.8927171201140549,0.6365282108015689,0.8985941161155949,0.740909090909091
"Iran, Islamic Rep.",IRN,0.24,33.82,77.81,14.6,26.8,Other,0.049040511727078885,0.660449091125104,0.7815548627174898,0.8336370736787295,0.3909090909090909
Iraq,IRQ,0.2,43.4,25.77,25.48,20.7,Other,0.04051172707889125,0.5466318165617203,0.258171577994569,0.6920072897682895,0.5295454545454545
Iceland,ISL,1.2,7.73,72.24,5.83,11.8,Other,0.25373134328358204,0.9704170131875965,0.7255355526501056,0.9478000520697735,0.7318181818181818
Israel,ISR,2.47,24.62,97.14,6.97,8.0,Other,0.5245202558635395,0.7697516930022573,0.9759629890375138,0.9329601666232752,0.8181818181818181
Italy,ITA,4.7,29.06,85.17,3.35,13.9,Other,1.0,0.7170013068789355,0.855576787689832,0.9800833116375944,0.6840909090909091
Jamaica,JAM,0.39,15.7,55.32,16.19,12.5,Other,0.0810234541577825,0.8757276939527148,0.5553655838278185,0.8129393387138766,0.7159090909090908
Jordan,JOR,0.35,23.4,74.42,18.43,23.2,Other,0.07249466950959486,0.7842461684685755,0.7474605249924571,0.7837802655558449,0.4727272727272728
Japan,JPN,1.0,13.37,46.3,12.25,12.5,Other,0.21108742004264391,0.9034097659498634,0.46464849642964895,0.8642280656079147,0.7159090909090908
Kazakhstan,KAZ,3.93,18.94,88.67,9.37,14.2,Other,0.835820895522388,0.8372341689438042,0.8907774313587449,0.9017183025253841,0.6772727272727272
Kenya,KEN,0.09,16.28,32.87,73.03,26.4,Other,0.017057569296375266,0.8688368777474159,0.32957859800864925,0.07302785732882056,0.4
Kyrgyz Republic,KGZ,3.09,22.02,82.28,17.02,12.4,Other,0.6567164179104478,0.8006415587501485,0.8265111133460726,0.8021348607133559,0.7181818181818183
Cambodia,KHM,0.03,30.87,16.6,52.75,17.9,Other,0.004264392324093816,0.695497208031365,0.1659458915820175,0.3370216089560011,0.5931818181818183
Kiribati,KIR,0.54,10.97,23.34,29.4,8.3,Other,0.11300639658848614,0.931923488178686,0.23373227396158097,0.6409789117417339,0.8113636363636363
St. Kitts and Nevis,KNA,0.24,9.14,66.65,30.8,18.95,Other,0.049040511727078885,0.9536652013781632,0.6693150960474706,0.6227544910179641,0.5693181818181818
"Korea, Rep.",KOR,0.5,25.98,35.33,6.73,25.6,Other,0.1044776119402985,0.7535939170725912,0.35431962184451365,0.9360843530330643,0.4181818181818181
Kuwait,KWT,0.87,54.8,53.89,8.5,26.1,Other,0.1833688699360341,0.4111916359748129,0.540983606557377,0.9130434782608696,0.40681818181818175
Latin America & Caribbean (excluding high income),LAC,1.19,27.31,58.73,20.41,17.08,Other,0.25159914712153514,0.7377925626707853,0.5896610680881021,0.7580057276750847,0.6118181818181818
Lao PDR,LAO,0.02,29.69,13.91,52.88,13.8,Other,0.0021321961620469083,0.7095164547938695,0.13889168259076737,0.33532934131736536,0.6863636363636363
Lebanon,LBN,0.78,16.4,46.3,10.69,19.2,Other,0.16417910447761194,0.8674111916359748,0.46464849642964895,0.8845352772715439,0.5636363636363637
Liberia,LBR,0.08,39.46,16.96,73.37,35.5,Other,0.014925373134328358,0.5934418438873708,0.16956652921653423,0.06860192658161934,0.19318181818181823
Libya,LBY,0.15,32.82,13.22,16.57,20.6,Other,0.029850746268656712,0.6723298087204468,0.13195212712461027,0.8079927102317105,0.5318181818181817
St. Lucia,LCA,0.14,23.27,60.9,9.84,19.8,Other,0.027718550106609806,0.78579066175597,0.611485467162828,0.895600104139547,0.55
Least developed countries: UN classification,LDC,0.09,40.29,12.12,63.94,23.54,Other,0.017057569296375266,0.5835808482832363,0.12088906768580909,0.19135641759958355,0.46499999999999997
Liechtenstein,LIE,0.82,29.93,94.01,30.8,18.95,Other,0.17270788912579954,0.7066650825709873,0.9444835562707433,0.6227544910179641,0.5693181818181818
Sri Lanka,LKA,0.22,26.24,58.68,11.18,15.1,Other,0.04477611940298507,0.7505049304978021,0.5891582017499748,0.8781567300182245,0.6568181818181817
Low & middle income,LMY,0.95,45.6,49.58,37.08,19.84,Other,0.20042643923240935,0.5204942378519664,0.4976365282108015,0.5410049466284823,0.5490909090909091
Lesotho,LSO,0.04,26.37,4.5,63.62,27.0,Other,0.006396588486140724,0.7489604372104075,0.04425223775520467,0.19552199947930238,0.38636363636363635
Late-demographic dividend,LTE,1.41,40.21,69.83,10.45,21.91,Other,0.29850746268656714,0.5845313056908638,0.7012973951523684,0.887659463681333,0.5020454545454545
Lithuania,LTU,3.72,22.54,83.09,2.8,22.8,Other,0.791044776119403,0.7944635856005703,0.8346575480237354,0.9872429054933611,0.4818181818181818
Luxembourg,LUX,1.0,17.42,44.26,4.45,17.9,Other,0.21108742004264391,0.8552928596887251,0.44413154983405406,0.9657641239260609,0.5931818181818183
Latvia,LVA,3.62,27.69,78.85,3.01,29.2,Other,0.7697228144989339,0.7332778899845551,0.792014482550538,0.9845092423847956,0.3363636363636364
"Macao SAR, China",MAC,0.41,29.93,47.39,30.8,18.95,Other,0.08528784648187632,0.7066650825709873,0.4756109826008247,0.6227544910179641,0.5693181818181818
Morocco,MAR,0.11,20.51,40.14,21.32,23.9,Other,0.021321961620469083,0.818581442319116,0.4026953635723624,0.7461598542046342,0.4568181818181819
Monaco,MCO,2.4,10.49,46.3,30.8,0.0,Other,0.509594882729211,0.9376262326244506,0.46464849642964895,0.6227544910179641,1.0
Moldova,MDA,2.82,34.67,78.24,5.36,13.6,Other,0.5991471215351812,0.6503504811690626,0.7858795132253846,0.9539182504556105,0.6909090909090909
Madagascar,MDG,0.12,10.71,17.3,60.76,26.6,Other,0.02345415778251599,0.9350124747534752,0.17298602031580004,0.23275188752928933,0.3954545454545454
Maldives,MDV,0.03,22.09,29.42,21.42,1.8,Other,0.004264392324093816,0.7998099085184744,0.2948808206778638,0.744858109867222,0.9590909090909091
"Middle East, North Africa, Afghanistan & Pakistan",MEA,0.58,45.32,22.33,35.85,17.94,Other,0.12153518123667376,0.5238208387786623,0.223574373931409,0.5570164019786514,0.5922727272727273
Mexico,MEX,1.0,32.3,47.1,17.9,14.2,Other,0.21108742004264391,0.678507781870025,0.47269435783968616,0.7906795105441292,0.6772727272727272
Marshall Islands,MHL,0.42,11.24,58.57,30.8,5.7,Other,0.08742004264392322,0.9287156944279434,0.5880518958060947,0.6227544910179641,0.8704545454545455
Middle income,MIC,0.99,46.06,52.56,33.79,19.22,Other,0.208955223880597,0.5150291077581086,0.5276073619631901,0.5838323353293413,0.5631818181818182
North Macedonia,MKD,0.89,42.84,78.93,3.09,8.2,Other,0.18763326226012791,0.5532850184151122,0.7928190686915418,0.9834678469148659,0.8136363636363637
Mali,MLI,0.01,65.84,3.58,70.87,25.6,Other,0.0,0.2800285137222288,0.03499949713366187,0.10114553501692258,0.4181818181818181
Malta,MLT,0.89,18.06,51.57,8.04,4.6,Other,0.18763326226012791,0.8476892004277059,0.517650608468269,0.9190315022129654,0.8954545454545455
Myanmar,MMR,0.06,41.65,29.67,43.78,20.9,Other,0.01066098081023454,0.5674230723535703,0.29739515236850045,0.4537880760218693,0.525
"Middle East, North Africa, Afghanistan & Pakistan (excluding high income)",MNA,0.52,45.44,21.35,37.02,18.06,Other,0.10874200426439232,0.5223951526672211,0.21371819370411343,0.5417859932309295,0.5895454545454546
Montenegro,MNE,1.8,30.45,90.05,2.98,14.2,Other,0.38166311300639655,0.7004871094214091,0.904656542291059,0.9848997656860192,0.6772727272727272
Mongolia,MNG,0.91,19.91,78.89,16.36,15.9,Other,0.19189765458422173,0.8257098728763217,0.79241677562104,0.810726373340276,0.6386363636363637
Northern Mariana Islands,MNP,0.44,9.54,46.3,30.8,18.95,Other,0.09168443496801705,0.9489129143400261,0.46464849642964895,0.6227544910179641,0.5693181818181818
Mozambique,MOZ,0.04,19.65,6.55,69.04,34.0,Other,0.006396588486140724,0.8287988594511109,0.06486975761842502,0.12496745639156459,0.2272727272727273
Mauritania,MRT,0.02,78.56,13.53,65.16,26.1,Other,0.0021321961620469083,0.12890578590946888,0.13506989842099967,0.1754751366831555,0.40681818181818175
Mauritius,MUS,0.22,8.74,42.17,7.94,16.1,Other,0.04477611940298507,0.9584174884163004,0.4231117369003319,0.9203332465503775,0.634090909090909
Malawi,MWI,0.03,21.72,27.12,73.83,31.2,Other,0.004264392324093816,0.8042057740287514,0.2717489691240068,0.0626139026295236,0.2909090909090909
Malaysia,MYS,0.14,31.53,37.12,15.4,26.8,Other,0.027718550106609806,0.6876559344184389,0.3723222367494719,0.8232231189794325,0.3909090909090909
Namibia,NAM,0.23,20.07,31.6,60.21,22.5,Other,0.04690831556503198,0.8238089580610669,0.3168057930202152,0.23991148138505602,0.48863636363636365
New Caledonia,NCL,0.65,29.93,46.3,30.8,18.95,Other,0.13646055437100213,0.7066650825709873,0.46464849642964895,0.6227544910179641,0.5693181818181818
Niger,NER,0.01,81.72,1.4,77.37,28.4,Other,0.0,0.09136271830818576,0.013074524791310467,0.016532153085134005,0.3545454545454546
Nigeria,NGA,0.02,65.04,46.3,73.62,29.2,Other,0.0021321961620469083,0.28953308779850295,0.46464849642964895,0.06534756573808898,0.3363636363636364
Nicaragua,NIC,0.34,24.94,11.81,23.99,16.3,Other,0.07036247334754797,0.7659498633717476,0.11777129638941969,0.7114032803957303,0.6295454545454545
Netherlands,NLD,1.1,22.71,69.14,7.14,7.5,Other,0.232409381663113,0.792443863609362,0.6943578396862115,0.9307472012496746,0.8295454545454546
Norway,NOR,1.2,12.06,80.77,7.42,8.0,Other,0.25373134328358204,0.9189735059997624,0.8113245499346273,0.9271023171049206,0.8181818181818181
Nepal,NPL,0.01,58.06,44.29,57.94,15.5,Other,0.0,0.3724604966139955,0.4444332696369305,0.2694610778443115,0.6477272727272727
Nauru,NRU,1.55,5.65,48.65,30.8,18.95,Other,0.3283582089552239,0.9951289057859095,0.48828321432163324,0.6227544910179641,0.5693181818181818
New Zealand,NZL,1.1,7.15,80.5,2.74,12.3,Other,0.232409381663113,0.9773078293928953,0.8086090717087399,0.9880239520958084,0.7204545454545455
Oman,OMN,0.03,47.66,3.58,13.21,22.4,Other,0.004264392324093816,0.4960199596055602,0.03499949713366187,0.8517313199687582,0.49090909090909096
Other small states,OSS,1.32,20.51,33.65,30.07,17.62,Other,0.279317697228145,0.818581442319116,0.3374233128834355,0.6322572246810727,0.5995454545454546
Pakistan,PAK,0.18,60.32,30.51,48.21,14.0,Other,0.03624733475479743,0.3456100748485209,0.3058433068490395,0.39612080187451193,0.6818181818181819
Panama,PAN,0.36,18.59,57.08,18.78,15.4,Other,0.07462686567164178,0.8413924201021742,0.5730664789299004,0.7792241603749024,0.6499999999999999
Peru,PER,0.51,80.75,25.56,33.04,15.8,Other,0.10660980810234541,0.10288701437566827,0.2560595393744342,0.5935954178599323,0.6409090909090909
Philippines,PHL,0.15,33.4,46.21,35.77,9.8,Other,0.029850746268656712,0.665438992515148,0.4637433370210198,0.5580577974485811,0.7772727272727272
Palau,PLW,1.38,7.74,46.3,30.8,4.78,Other,0.29211087420042636,0.9702982060116431,0.46464849642964895,0.6227544910179641,0.8913636363636364
Papua New Guinea,PNG,0.08,18.08,32.38,49.87,17.4,Other,0.014925373134328358,0.847451586075799,0.3246505078950015,0.37451184587347053,0.6045454545454545
Poland,POL,1.0,31.59,89.73,3.95,18.6,Other,0.21108742004264391,0.6869430913627184,0.9014381977270441,0.9722728456131216,0.5772727272727272
Puerto Rico (US),PRI,1.75,6.84,76.27,30.8,18.95,Other,0.371002132196162,0.9809908518474516,0.766066579503168,0.6227544910179641,0.5693181818181818
"Korea, Dem. People's Rep.",PRK,2.55,41.65,46.3,45.71,22.7,Other,0.5415778251599147,0.5674230723535703,0.46464849642964895,0.42866441030981517,0.4840909090909091
Portugal,PRT,0.8,13.79,22.47,8.47,19.4,Other,0.16844349680170576,0.8984198645598194,0.2249823996781655,0.9134340015620932,0.5590909090909091
Paraguay,PRY,0.53,13.32,33.23,26.08,9.4,Other,0.11087420042643922,0.9040038018296305,0.333199235643166,0.6841968237438167,0.7863636363636364
West Bank and Gaza,PSE,0.5,24.74,73.24,30.8,5.3,Other,0.1044776119402985,0.7683260068908162,0.7355928794126521,0.6227544910179641,0.8795454545454545
Pacific island small states,PSS,0.28,11.49,57.08,22.35,12.83,Other,0.057569296375266525,0.9257455150291077,0.5730664789299004,0.7327518875292893,0.708409090909091
French Polynesia,PYF,1.25,29.93,46.3,30.8,18.95,Other,0.26439232409381663,0.7066650825709873,0.46464849642964895,0.6227544910179641,0.5693181818181818
Qatar,QAT,0.51,89.41,24.23,6.51,31.2,Other,0.10660980810234541,0.0,0.2426832947802474,0.938948190575371,0.2909090909090909
Romania,ROU,1.27,23.09,70.4,4.66,12.4,Other,0.26865671641791045,0.7879291909231317,0.7070300714070201,0.9630304608174954,0.7181818181818183
Russian Federation,RUS,3.87,25.93,91.69,4.28,27.9,Other,0.8230277185501066,0.7541879529523583,0.9211505581816353,0.9679770892996615,0.36590909090909096
Rwanda,RWA,0.01,30.38,28.1,62.72,38.0,Other,0.0,0.701318759653083,0.28160514935130243,0.2072376985160116,0.13636363636363635
Saudi Arabia,SAU,0.06,46.8,17.44,15.17,17.1,Other,0.01066098081023454,0.506237376737555,0.17439404606255657,0.8262171309554803,0.6113636363636363
Sudan,SDN,0.03,53.72,31.5,53.95,25.5,Other,0.004264392324093816,0.42402281097778316,0.3158000603439605,0.32140067690705554,0.4204545454545454
Senegal,SEN,0.04,66.6,15.0,63.8,24.8,Other,0.006396588486140724,0.27099916834976845,0.14985416876194307,0.19317885967196058,0.4363636363636364
Singapore,SGP,0.42,35.03,99.53,13.67,6.5,Other,0.08742004264392322,0.6460734228347392,1.0,0.8457432960166623,0.8522727272727273
Solomon Islands,SLB,0.19,12.43,23.56,41.4,17.7,Other,0.038379530916844345,0.9145776404894855,0.2359448858493412,0.48476959125227814,0.5977272727272727
Sierra Leone,SLE,0.05,43.18,33.41,74.63,31.2,Other,0.008528784648187633,0.5492455744326958,0.33500955446042435,0.05219994793022653,0.2909090909090909
El Salvador,SLV,0.19,33.25,47.93,21.63,35.9,Other,0.038379530916844345,0.6672211001544494,0.4810419390525998,0.7421244467586566,0.18409090909090908
San Marino,SMR,2.06,15.37,43.86,30.8,3.2,Other,0.43710021321961623,0.8796483307591778,0.4401086191290354,0.6227544910179641,0.9272727272727272
Somalia,SOM,0.02,22.51,0.1,70.95,27.6,Other,0.0021321961620469083,0.7948200071284305,0.0,0.10010413954699293,0.3727272727272727
Serbia,SRB,2.6,34.29,89.59,2.68,10.9,Other,0.5522388059701493,0.654865153855293,0.9000301719802877,0.9888049986982557,0.7522727272727272
Sub-Saharan Africa (excluding high income),SSA,0.16,40.57,19.71,68.97,30.6,Other,0.03198294243070362,0.5802542473565404,0.19722417781353715,0.12587867742775316,0.30454545454545456
South Sudan,SSD,0.04,33.46,5.08,74.61,19.2,Other,0.006396588486140724,0.6647261494594274,0.05008548727748165,0.052460296797708916,0.5636363636363637
Small states,SST,1.0,20.34,38.43,26.8,17.45,Other,0.21108742004264391,0.8206011643103244,0.38549733480840787,0.6748242645144493,0.603409090909091
Sao Tome and Principe,STP,0.3,24.26,30.43,57.35,12.3,Other,0.06183368869936033,0.7740287513365807,0.3050387207080358,0.277141369435043,0.7204545454545455
Suriname,SUR,0.51,29.72,51.4,20.47,25.7,Other,0.10660980810234541,0.7091600332660093,0.5159408629186362,0.7572246810726374,0.4159090909090909
Slovak Republic,SVK,3.32,26.11,85.14,4.16,15.1,Other,0.7057569296375266,0.7520494237851967,0.8552750678869556,0.9695391825045561,0.6568181818181817
Slovenia,SVN,1.77,25.13,89.07,5.37,16.4,Other,0.37526652452025583,0.7636925270286326,0.8948003620637633,0.9537880760218693,0.6272727272727273
Sweden,SWE,1.0,11.12,84.79,5.46,6.7,Other,0.21108742004264391,0.9301413805393846,0.8517550035200644,0.9526165061181984,0.8477272727272727
Eswatini,SWZ,0.1,24.03,11.22,62.61,29.9,Other,0.019189765458422176,0.7767613163835096,0.11183747359951725,0.20866961728716493,0.32045454545454544
Sint Maarten (Dutch part),SXM,0.82,29.93,76.49,30.8,18.95,Other,0.17270788912579954,0.7066650825709873,0.7682791913909283,0.6227544910179641,0.5693181818181818
Seychelles,SYC,0.31,8.73,44.91,12.31,13.6,Other,0.06396588486140724,0.9585362955922537,0.4506688122297093,0.8634470190054673,0.6909090909090909
Syrian Arab Republic,SYR,0.22,25.87,26.2,14.89,22.0,Other,0.04477611940298507,0.7549007960080789,0.262496228502464,0.8298620151002343,0.5
Chad,TCD,0.01,55.28,6.11,73.49,27.0,Other,0.0,0.4054888915290483,0.06044453384290456,0.06703983337672492,0.38636363636363635
East Asia & Pacific (IDA & IBRD countries),TEA,0.87,44.67,60.64,15.98,20.77,Other,0.1833688699360341,0.5315433052156351,0.6088705622045659,0.8156730018224421,0.5279545454545455
Europe & Central Asia (IDA & IBRD countries),TEC,3.33,26.94,79.9,6.02,18.0,Other,0.7078891257995735,0.7421884281810621,0.802574675651212,0.9453267378286905,0.5909090909090908
Togo,TGO,0.02,60.04,15.77,63.57,30.1,Other,0.0021321961620469083,0.3489366757752169,0.15759831036910388,0.19617287164800845,0.3159090909090909
Thailand,THA,0.13,44.3,15.64,23.93,39.0,Other,0.0255863539445629,0.5359391707259119,0.15629085788997285,0.7121843269981776,0.11363636363636365
Tajikistan,TJK,2.53,33.41,61.97,38.49,19.5,Other,0.5373134328358209,0.6653201853391946,0.6222468067987528,0.522650351470971,0.5568181818181819
Turkmenistan,TKM,2.84,19.34,46.3,22.52,16.1,Other,0.603411513859275,0.8324818819056671,0.46464849642964895,0.7305389221556886,0.634090909090909
Latin America & the Caribbean (IDA & IBRD countries),TLA,1.16,27.03,58.87,20.06,17.64,Other,0.24520255863539442,0.7411191635974813,0.5910690938348586,0.7625618328560271,0.5990909090909091
Timor-Leste,TLS,0.08,21.84,34.49,62.26,14.5,Other,0.014925373134328358,0.8027800879173101,0.3458714673639746,0.21322572246810734,0.6704545454545454
"Middle East, North Africa, Afghanistan & Pakistan (IDA & IBRD)",TMN,0.52,45.55,20.84,37.02,18.06,Other,0.10874200426439232,0.5210882737317335,0.20858895705521469,0.5417859932309295,0.5895454545454546
Tonga,TON,0.38,12.69,69.02,14.4,13.3,Other,0.0788912579957356,0.9114886539146965,0.6931509604747058,0.8362405623535538,0.6977272727272728
South Asia (IDA & IBRD),TSA,1.07,60.35,37.95,46.78,16.17,Other,0.2260127931769723,0.3452536533206606,0.3806698179623856,0.41473574589950535,0.6325
Sub-Saharan Africa (IDA & IBRD countries),TSS,0.15,39.23,19.72,68.71,30.0,Other,0.029850746268656712,0.5961744089342997,0.1973247510811626,0.12926321270502483,0.31818181818181823
Trinidad and Tobago,TTO,0.42,24.14,34.15,12.81,13.6,Other,0.08742004264392322,0.7754544374480219,0.3424519762647088,0.8569382973184066,0.6909090909090909
Tunisia,TUN,0.1,22.25,20.3,11.15,23.7,Other,0.019189765458422176,0.7979089937032198,0.20315800060343958,0.878547253319448,0.4613636363636364
Turkiye,TUR,0.3,21.74,24.23,13.37,9.0,Other,0.06183368869936033,0.8039681596768444,0.2426832947802474,0.8496485290288988,0.7954545454545454
Tuvalu,TUV,0.62,5.24,68.02,30.8,18.95,Other,0.13006396588486138,1.0,0.6830936337121593,0.6227544910179641,0.5693181818181818
Tanzania,TZA,0.06,16.55,23.94,72.22,32.2,Other,0.01066098081023454,0.8656290839966734,0.2397666700191089,0.08357198646185893,0.2681818181818181
Uganda,UGA,0.07,28.62,16.34,74.73,33.9,Other,0.01279317697228145,0.7222288226208863,0.1633309866237554,0.05089820359281427,0.2295454545454546
Ukraine,UKR,3.52,33.06,93.57,3.46,13.6,Other,0.7484008528784648,0.6694784364975644,0.9400583324952227,0.978651392866441,0.6909090909090909
Uruguay,URY,1.06,13.27,56.17,7.3,16.8,Other,0.22388059701492535,0.9045978377093976,0.563914311575983,0.9286644103098152,0.6181818181818182
United States,USA,1.1,14.1,89.34,6.28,15.7,Other,0.232409381663113,0.8947368421052632,0.897515840289651,0.9419422025514189,0.6431818181818182
Uzbekistan,UZB,2.67,31.44,85.91,20.34,9.7,Other,0.5671641791044776,0.6887251990020197,0.8630192094941165,0.7589169487112731,0.7795454545454545
St. Vincent and the Grenadines,VCT,0.1,23.86,36.9,17.19,4.6,Other,0.019189765458422176,0.7787810383747179,0.37010962486171173,0.7999218953397553,0.8954545454545455
"Venezuela, RB",VEN,0.67,22.84,24.58,16.02,27.4,Other,0.14072494669509594,0.7908993703219674,0.24620335914713865,0.8151523040874773,0.3772727272727273
British Virgin Islands,VGB,0.82,29.93,61.23,30.8,18.95,Other,0.17270788912579954,0.7066650825709873,0.6148043849944684,0.6227544910179641,0.5693181818181818
Virgin Islands (U.S.),VIR,1.65,8.15,46.3,30.8,18.95,Other,0.3496801705756929,0.9654271117975526,0.46464849642964895,0.6227544910179641,0.5693181818181818
Viet Nam,VNM,0.24,28.61,35.77,18.13,24.1,Other,0.049040511727078885,0.7223476297968398,0.35874484562003417,0.7876854985680812,0.45227272727272727
Vanuatu,VUT,0.28,14.7,14.17,23.29,14.1,Other,0.057569296375266525,0.8876084115480575,0.14150658754902945,0.7205154907576152,0.6795454545454546
Samoa,WSM,0.44,12.89,40.86,14.13,14.9,Other,0.09168443496801705,0.9091125103956279,0.4099366388413959,0.8397552720645665,0.6613636363636364
"Yemen, Rep.",YEM,0.02,43.88,33.48,49.97,21.9,Other,0.0021321961620469083,0.5409290721159559,0.3357135673338026,0.3732101015360584,0.5022727272727273
South Africa,ZAF,0.49,24.57,51.19,47.88,44.0,Other,0.10234541577825158,0.7703457288820245,0.5138288242985014,0.40041655818797195,0.0
Zambia,ZMB,0.11,23.39,46.3,74.26,27.4,Other,0.021321961620469083,0.784364975644529,0.46464849642964895,0.05701640197865132,0.3772727272727273
Zimbabwe,ZWE,0.2,20.81,42.42,78.64,29.3,Other,0.04051172707889125,0.8150172270405133,0.4256260685909685,0.0,0.3340909090909091
